HubName,pred_safe,pred_prob_safe
69349602,0,0.0
906706329,1,1.0
236665223,1,1.0
1279572642,1,0.9933333333333332
906706325,1,1.0
225595166,0,0.0
177272140,0,0.0
99676684,0,0.0
5036144,1,0.9966666666666668
424712633,0,0.0
1108430244,1,1.0
49478699,0,0.0
48787346,1,1.0
238270879,0,0.0
23088425,0,0.02
244104040,1,1.0
35153258,0,0.01
75383951,0,0.0
1243983985,1,1.0
579225484,1,0.9933333333333332
13346385,0,0.0
163764648,1,0.9966666666666668
1295588537,0,0.0
94337528,1,0.9966666666666668
4989996,0,0.0
152287876,0,0.0066666666666666
22993714,0,0.01
818420597,1,1.0
1083268424,1,1.0
75394183,1,0.9966666666666668
705369242,1,0.9966666666666668
28723101,0,0.02
1100789599,0,0.0
1025414975,1,1.0
1108917396,0,0.0033333333333333
131974461,0,0.0033333333333333
638673728,1,1.0
827898120,1,0.9933333333333332
54032309,0,0.0
32980998,0,0.0
47069807,0,0.0
224041471,0,0.0
47069806,0,0.0
35129007,1,1.0
35939575,0,0.0
206611058,1,1.0
238684228,1,0.9933333333333332
49478631,0,0.0066666666666666
237326396,1,1.0
563753215,0,0.0
547851614,1,1.0
818379314,0,0.0033333333333333
818379312,0,0.0
35066720,0,0.0
107502561,1,1.0
23172338,0,0.0
165699899,0,0.0
22742600,0,0.0
818379315,0,0.0
177272141,0,0.0066666666666666
55479773,1,1.0
92699388,1,0.9833333333333332
574081046,0,0.0033333333333333
81610881,1,1.0
704341111,0,0.0
693438403,0,0.0
548380370,0,0.0
1296555545,1,1.0
23172566,1,1.0
1098512505,1,1.0
1061091870,0,0.0133333333333333
450091142,1,0.9933333333333332
708553659,1,0.9933333333333332
28443618,1,1.0
511530746,1,1.0
970654538,1,0.9966666666666668
47070000,0,0.0
35677008,0,0.0
557033971,1,1.0
35270936,0,0.0033333333333333
32977737,1,1.0
770831064,0,0.0
783799618,1,1.0
557033969,1,1.0
1295588538,0,0.0
27323169,1,1.0
29101065,0,0.0
878942171,1,1.0
1124335203,0,0.0
43903051,1,0.9966666666666668
225358499,0,0.0
627415060,1,0.9933333333333332
1070505895,0,0.01
319768669,1,1.0
154644780,1,1.0
359588985,0,0.0
49257290,1,1.0
159638428,1,0.9966666666666668
50550957,0,0.0
628747760,1,0.9966666666666668
42006100,0,0.0
1108075784,1,1.0
585012391,0,0.0033333333333333
40134598,1,1.0
243454705,0,0.0
64472384,0,0.0
35798776,0,0.0
243471154,0,0.0033333333333333
556769359,0,0.0
243454756,1,0.9966666666666668
23250480,0,0.0033333333333333
38570244,1,1.0
834050737,0,0.0
1323519477,1,0.9933333333333332
41522725,0,0.0133333333333333
35068267,0,0.0
41315644,0,0.0
167711146,0,0.0033333333333333
198764817,0,0.0033333333333333
35067526,1,0.99
573379754,0,0.0066666666666666
133342129,1,1.0
187488212,0,0.0033333333333333
27011398,0,0.0
591962063,1,0.9933333333333332
250181074,0,0.0033333333333333
225380175,0,0.0
35355031,0,0.0
39726879,0,0.0
28186792,1,1.0
238270616,0,0.0
119005834,1,1.0
1083268430,0,0.02
1081071423,0,0.0
35129708,0,0.0
82710488,1,1.0
35130315,1,0.99
1411351934,0,0.01
35354825,1,1.0
23650800,1,0.9866666666666668
28143075,0,0.0
31600583,1,1.0
35153261,1,1.0
898046650,1,1.0
35542493,0,0.0
22952867,0,0.0033333333333333
120675094,1,1.0
120674856,1,1.0
419819442,1,1.0
172917570,1,1.0
23212005,0,0.0033333333333333
41499262,0,0.0
242856839,0,0.0
359506700,1,1.0
113583293,0,0.0
32975398,1,0.9966666666666668
933322928,1,1.0
35067557,0,0.0
970654536,0,0.0
319768662,1,0.9933333333333332
126180229,0,0.0
217824523,0,0.0
612314865,0,0.0
1088972211,1,0.9966666666666668
32982473,1,1.0
35153257,1,1.0
827933597,1,1.0
265386995,0,0.0
35352482,0,0.0033333333333333
1219909331,0,0.0
612314864,0,0.0
41523046,0,0.0033333333333333
704463546,0,0.0
32405607,1,0.9966666666666668
1137192253,1,0.9966666666666668
238684559,1,0.9966666666666668
35938654,1,0.9966666666666668
886878305,0,0.0
35065232,1,1.0
800899651,0,0.0
827933603,1,1.0
894195589,1,0.9933333333333332
7791158,0,0.0533333333333333
72522262,0,0.0066666666666666
1296555548,0,0.0
1190383743,0,0.0133333333333333
5050710,1,1.0
878775820,0,0.0
569682273,0,0.01
47070006,0,0.0
1106232261,1,0.9966666666666668
1144271302,1,0.9966666666666668
1061561185,1,0.9933333333333332
130995452,1,1.0
1279572624,0,0.0
237781504,1,1.0
1279572637,1,0.9966666666666668
23090471,1,1.0
906692980,1,1.0
883624167,0,0.0
1301853019,0,0.0
554806934,0,0.0066666666666666
878928124,0,0.0
99722971,1,1.0
41311272,1,1.0
41311197,1,0.9966666666666668
53055539,1,1.0
34317131,0,0.0
40135092,1,1.0
550879705,1,1.0
23250445,1,1.0
1279692023,0,0.0
23172454,1,1.0
592149110,1,1.0
893278239,0,0.0
634092849,0,0.0033333333333333
41522993,0,0.0
35809629,1,1.0
878893894,0,0.0066666666666666
674894837,1,1.0
941966514,0,0.0
1072416912,0,0.0
941966513,0,0.0033333333333333
154644826,1,1.0
53056361,0,0.0
133342505,0,0.0033333333333333
696277546,1,0.9933333333333332
35129970,0,0.0
268848398,1,0.9966666666666668
75394181,0,0.0
970654537,0,0.0
1091153853,1,1.0
895240770,1,1.0
124179164,1,1.0
225595156,1,0.9966666666666668
703129794,1,1.0
38564503,1,1.0
225595175,1,1.0
217508818,1,1.0
1306345940,0,0.0
24158853,1,1.0
693469730,1,0.9966666666666668
1312224363,1,1.0
132598418,0,0.0066666666666666
1350314031,1,0.9933333333333332
237325548,1,1.0
1382712288,1,1.0
569379953,1,1.0
364210112,0,0.0033333333333333
1302638414,0,0.0
1295585285,0,0.0
27259080,1,1.0
276458148,1,1.0
64472316,0,0.0033333333333333
225377538,1,1.0
548417797,0,0.0
243485837,0,0.0133333333333333
178289022,0,0.0033333333333333
24053323,1,0.9966666666666668
1109899683,1,0.9966666666666668
578789398,0,0.0
224041472,0,0.01
106738584,0,0.0
1411351930,1,1.0
181148958,1,1.0
27258815,0,0.0233333333333333
224040331,0,0.0
238271454,1,0.9966666666666668
306972036,1,0.99
564723735,0,0.0
388212040,0,0.0
242844385,0,0.0
927660209,1,0.9966666666666668
1280105499,0,0.0033333333333333
564173767,0,0.0
771777817,0,0.0
771777810,0,0.0
771777818,1,1.0
27131493,0,0.0
911393415,0,0.0
225358497,1,1.0
1078309867,0,0.0
881783697,1,1.0
771777814,1,0.9966666666666668
771777813,1,0.9833333333333332
791013576,0,0.0
1312226622,1,0.9966666666666668
114932319,0,0.0133333333333333
22694110,0,0.0
35091463,0,0.0
1178524151,1,1.0
124013061,0,0.0
23350413,0,0.01
1124061122,1,1.0
578357904,0,0.0
242295000,1,0.9966666666666668
572136882,0,0.0
1075926747,1,1.0
944484753,0,0.02
362896550,0,0.0
798826220,1,1.0
944484754,0,0.0
1208489615,0,0.0
172917571,0,0.0
1208489614,0,0.0033333333333333
638289666,1,0.9966666666666668
856486892,0,0.0
58586274,0,0.0
35063741,1,0.9966666666666668
1350622466,0,0.0066666666666666
306241567,1,0.9933333333333332
306972038,1,0.9966666666666668
224814510,1,1.0
35091529,1,1.0
918520217,0,0.0
224065169,0,0.0
943145090,1,0.9866666666666668
113371511,1,1.0
29251536,1,1.0
45564919,0,0.0066666666666666
252717859,1,1.0
257742052,1,0.9966666666666668
41301839,0,0.0066666666666666
23090416,1,0.9966666666666668
23250476,1,1.0
35809486,1,0.9933333333333332
670821769,0,0.0
27258676,1,0.9966666666666668
577597213,0,0.0033333333333333
113583286,0,0.0
28143078,1,0.9933333333333332
1308531837,1,1.0
309172404,0,0.0
311066058,1,0.9966666666666668
226831893,1,1.0
555210806,0,0.0
910371826,0,0.0033333333333333
693657078,1,1.0
35130149,1,0.9933333333333332
120674855,1,1.0
526758211,1,0.9766666666666668
120178811,0,0.0
41499350,1,1.0
28143488,0,0.0
35800913,1,0.9966666666666668
880523806,1,0.9966666666666668
461130323,0,0.0033333333333333
94336441,1,1.0
424327057,1,1.0
35676888,0,0.0033333333333333
38564567,0,0.0
770797790,1,1.0
926679869,1,0.9966666666666668
563975002,1,1.0
40134837,0,0.0
827898096,0,0.0
1073476552,0,0.01
669017964,1,1.0
6493470,1,1.0
595286095,1,0.9966666666666668
1073273583,1,0.9933333333333332
27632579,0,0.0066666666666666
1288238415,1,0.99
424898190,1,1.0
23033511,0,0.0
28210927,0,0.0
439537574,0,0.0033333333333333
1312226627,0,0.0
29490364,0,0.0
554045752,0,0.0
22993706,1,1.0
1067748170,0,0.0033333333333333
425725340,0,0.0
118152568,0,0.0
906305665,1,1.0
588938166,1,0.9466666666666668
78077605,0,0.0
107941548,1,1.0
32986444,1,0.9966666666666668
35928909,1,1.0
217824966,1,1.0
627415042,0,0.0066666666666666
1254786274,1,1.0
1324527357,1,0.9933333333333332
242860255,1,1.0
1280105524,0,0.0133333333333333
557033970,0,0.0066666666666666
1122523555,0,0.0033333333333333
83890359,0,0.0
554045746,0,0.01
237791958,1,1.0
51007355,0,0.0033333333333333
423388261,0,0.0
238142787,0,0.0
133342136,0,0.0
35153487,0,0.0033333333333333
1312226626,0,0.0
35542504,0,0.0
369915047,0,0.0
34366509,0,0.0
23172461,1,0.9966666666666668
32981792,1,0.9966666666666668
180231444,0,0.0
1296599253,1,0.9933333333333332
797393028,0,0.0066666666666666
243479629,0,0.0066666666666666
898434726,0,0.0
35542500,0,0.0
23383424,0,0.0033333333333333
37553097,1,0.9866666666666668
23649517,0,0.0033333333333333
1089994476,0,0.0033333333333333
113583315,0,0.0
827898113,0,0.0
103011112,0,0.0
555577603,0,0.0066666666666666
818420587,0,0.0
13415601,0,0.0
38570099,1,1.0
41522772,0,0.0
905266511,0,0.0
905266502,1,1.0
1160145197,0,0.01
237774646,0,0.0
1041856277,1,0.9966666666666668
35809402,0,0.0
35091493,0,0.0
236809285,0,0.0
1136861622,0,0.0033333333333333
35153286,0,0.0
35153285,1,1.0
1144282573,1,0.9666666666666668
35153282,0,0.0
35676967,0,0.0033333333333333
563172557,1,1.0
5172405,0,0.0
41748212,0,0.0033333333333333
5055440,0,0.0
827933584,1,0.9966666666666668
35154641,0,0.0
22751040,1,1.0
250157904,0,0.0
1323519476,0,0.0
568325040,1,1.0
53055523,1,0.9966666666666668
1296549244,0,0.01
94336443,1,1.0
1086773281,1,1.0
710574335,1,1.0
695915151,1,0.9966666666666668
695915153,1,1.0
771327586,0,0.0
76170922,0,0.0
41522862,0,0.0
98965349,0,0.0
98965352,0,0.0
563172548,0,0.0066666666666666
558930337,1,1.0
41522840,0,0.0
1057740043,1,1.0
827898093,1,1.0
1385789741,1,0.9966666666666668
238275502,0,0.0
880670132,1,1.0
560343472,1,1.0
1279572623,1,1.0
1307034743,0,0.0
1190383746,1,0.9933333333333332
215534663,0,0.0066666666666666
906692977,1,1.0
226831902,1,0.9966666666666668
1093698862,1,0.9766666666666668
23650805,1,0.99
1093687741,0,0.0
47925520,1,1.0
16855874,1,0.9966666666666668
41664873,1,1.0
41301521,0,0.0
886911610,1,1.0
28757083,1,1.0
94337527,0,0.0
23172016,0,0.0
48787350,0,0.0033333333333333
1086773284,1,0.9966666666666668
250479518,0,0.01
171616152,1,0.9966666666666668
424327059,1,0.9966666666666668
693657076,1,1.0
1100763935,0,0.0033333333333333
569679134,0,0.0033333333333333
29170743,0,0.0
573395500,0,0.0
11624641,1,0.9966666666666668
1411351931,1,1.0
555577605,1,0.9966666666666668
900554920,0,0.0
5545095,0,0.0
133342133,1,1.0
4479709,0,0.0
705233290,1,1.0
22952886,0,0.0
27663262,1,0.9966666666666668
573395499,1,0.9966666666666668
77321821,0,0.0166666666666666
41499263,1,1.0
54030438,0,0.0
710623648,0,0.0
359371272,1,1.0
573395507,0,0.0
693155920,1,1.0
1232604890,0,0.0
1109904575,0,0.0033333333333333
27258779,0,0.0
573395502,0,0.0
1064477677,1,0.9933333333333332
693440627,0,0.0
788962245,0,0.0033333333333333
38700103,1,1.0
1071183956,0,0.0
1312224364,1,1.0
51319731,0,0.0
23383367,1,0.9966666666666668
198756055,1,1.0
22747987,1,0.95
37239621,0,0.0
410730709,1,1.0
577355447,1,1.0
28189305,1,0.9966666666666668
1432198361,0,0.0133333333333333
8104187,1,1.0
35354713,0,0.0
1111214235,0,0.0066666666666666
276458146,0,0.0066666666666666
99727528,0,0.0
313044938,0,0.0
575535338,0,0.0
1075626820,0,0.01
110610498,1,1.0
41444821,0,0.0
35801461,0,0.0
35542505,1,0.9966666666666668
568429800,0,0.0
276458145,0,0.0033333333333333
827933581,1,1.0
135048797,0,0.0
770606449,0,0.0
812403270,1,1.0
96332932,0,0.01
573804531,1,0.9966666666666668
50524910,0,0.0
674121618,0,0.0
319664509,1,1.0
35939515,0,0.0
959775230,1,1.0
675445989,1,1.0
672849905,0,0.0
591998619,0,0.0
56651756,0,0.0
41411609,0,0.0
35354652,0,0.0
1288238416,1,1.0
35939502,0,0.0033333333333333
237473848,1,1.0
35354667,1,0.9966666666666668
38564864,0,0.0033333333333333
943145091,0,0.0033333333333333
242856842,1,1.0
262494965,1,1.0
359588958,0,0.0033333333333333
1096866155,1,1.0
878794017,0,0.0
1109903094,0,0.0
152981757,0,0.0
28465053,0,0.0
40134988,1,1.0
1311361258,1,0.9933333333333332
160192403,1,1.0
833696273,1,1.0
634092855,0,0.0
553033720,0,0.0
1083268422,1,1.0
1279692005,0,0.0033333333333333
319661645,1,1.0
1311842219,1,1.0
856820279,0,0.0
35002349,0,0.0
696543593,1,0.9933333333333332
548417809,0,0.0
238143047,0,0.0033333333333333
4914313,1,1.0
27276237,0,0.0
899716494,0,0.0033333333333333
1138269593,0,0.0
41748383,1,1.0
111805465,0,0.0
180708449,1,0.9966666666666668
387555003,0,0.0
35153369,0,0.0
1314416278,0,0.0
923857006,0,0.0
511530744,0,0.0
570870647,1,1.0
28663927,1,1.0
1267728793,0,0.0033333333333333
178615164,0,0.0
669017963,0,0.0066666666666666
134197467,0,0.0066666666666666
352801346,0,0.0
34546491,0,0.0
142868693,0,0.0033333333333333
250479519,0,0.0
22730074,0,0.0
49257454,0,0.0033333333333333
107502557,0,0.0
35354714,0,0.0
738689723,0,0.0
35801154,0,0.0
359588964,0,0.0
1069548620,0,0.0033333333333333
563072264,0,0.0
1060853178,0,0.0066666666666666
628747772,0,0.0033333333333333
761776064,1,1.0
8643535,0,0.0
313208503,0,0.0
554895253,0,0.0
1072707177,0,0.0
253741165,1,1.0
1093698864,0,0.0
526167581,0,0.0
1302638415,0,0.0033333333333333
188760184,1,0.99
217824522,0,0.0033333333333333
306972028,1,1.0
253741166,0,0.0066666666666666
943145094,0,0.0066666666666666
18338423,0,0.01
548435308,0,0.0
35002395,0,0.0
237354130,0,0.0
106735378,0,0.0
4987042,1,0.9933333333333332
910285621,0,0.0
551359253,0,0.0
943145096,1,0.9966666666666668
1110145235,1,0.9966666666666668
1303179353,0,0.0233333333333333
553256926,0,0.0
23395494,1,1.0
35002346,0,0.0
932706822,1,0.9966666666666668
35153279,0,0.0033333333333333
35153503,0,0.0
47893245,0,0.0
902538057,0,0.0033333333333333
35928905,1,1.0
35154549,0,0.0
696543881,1,1.0
898000153,0,0.0033333333333333
911407109,1,0.9966666666666668
35676890,1,1.0
796501440,0,0.0
554895252,1,1.0
572401165,0,0.0033333333333333
56651749,1,1.0
878650806,0,0.0
911393416,0,0.0
51319805,0,0.0033333333333333
901945641,0,0.0
242860256,0,0.0
1363971151,1,1.0
41523213,0,0.0066666666666666
160192404,0,0.0
554806938,0,0.0
1078018103,1,0.9966666666666668
51319809,1,1.0
165699897,0,0.0033333333333333
359588960,0,0.0
1076374746,1,0.9966666666666668
560083817,0,0.0
924638493,0,0.0
22993702,0,0.0
112946585,1,1.0
132890229,1,1.0
92604083,0,0.0
1192924710,1,1.0
602629240,1,0.9933333333333332
625105463,1,0.9933333333333332
911393414,0,0.0
237770907,0,0.0066666666666666
1301404291,1,0.99
674121617,0,0.0
224811960,1,0.9966666666666668
642628115,0,0.0
110640969,0,0.0
1076874270,1,0.9966666666666668
1101004168,1,1.0
35063722,0,0.0
244433758,1,0.9966666666666668
1075171964,1,1.0
1106232262,0,0.0
35153260,1,1.0
1063013279,0,0.01
911393417,0,0.0
35153288,1,0.9866666666666668
238181725,1,1.0
782651771,1,1.0
407603306,0,0.0
53055489,1,0.9966666666666668
1324242699,1,0.99
407600825,1,0.9933333333333332
560791207,1,1.0
41444473,0,0.0133333333333333
911665020,0,0.0
707121976,1,0.9966666666666668
250479516,0,0.0
600349603,0,0.0033333333333333
1074561326,0,0.0
54580205,1,1.0
242856822,0,0.0
1337340071,1,0.9933333333333332
707113093,1,1.0
1106497267,1,0.9966666666666668
35067375,0,0.0
51062033,0,0.0
237186573,1,1.0
1312226623,0,0.0033333333333333
13422487,0,0.0033333333333333
895238443,0,0.0133333333333333
180231446,0,0.0033333333333333
576434257,0,0.0
45179960,1,1.0
1061887995,1,1.0
1432666487,0,0.0
816088675,1,1.0
35799439,0,0.0
31235349,0,0.0
1157111548,0,0.01
35067509,0,0.0
102259897,0,0.0066666666666666
276458147,0,0.0
572446208,1,1.0
424905584,0,0.01
236816548,0,0.0
160192405,0,0.0
56997347,1,0.9966666666666668
586661077,0,0.0
558754727,1,0.9933333333333332
1363969846,0,0.0
35808495,1,0.9966666666666668
56241827,1,1.0
856820277,0,0.0033333333333333
1279572660,1,1.0
564173768,0,0.0033333333333333
469877479,1,1.0
700306140,1,0.9966666666666668
700306139,1,1.0
22480448,0,0.0066666666666666
551359254,0,0.0
23090436,1,1.0
225379831,1,1.0
237324289,1,1.0
238142788,1,1.0
1104864391,0,0.0033333333333333
927660207,1,0.9966666666666668
352801349,0,0.0
96502995,0,0.0
569694198,0,0.0
272982272,0,0.0
47070010,0,0.0
237324857,0,0.0033333333333333
1337340064,0,0.0033333333333333
827933596,0,0.02
581362196,0,0.0
600349601,1,0.9966666666666668
1327106741,0,0.0033333333333333
306972035,1,1.0
678968135,0,0.0033333333333333
1147534227,1,0.9933333333333332
1061369071,1,1.0
27945988,1,0.9666666666666668
1144271301,1,1.0
812403271,0,0.0033333333333333
24158835,1,1.0
27131214,0,0.0066666666666666
1119778508,1,1.0
132598417,0,0.0
47925531,1,0.9933333333333332
237473847,1,1.0
236682870,1,1.0
217508820,1,1.0
268077586,1,0.9966666666666668
798826245,1,0.9933333333333332
407600826,1,1.0
920586065,0,0.0
244435047,0,0.0
902733246,1,1.0
237324460,1,1.0
560672668,1,0.9733333333333334
553774721,0,0.0
553774723,1,1.0
24053928,0,0.0033333333333333
1360931669,0,0.0066666666666666
553176203,0,0.0
912358877,0,0.0466666666666666
1074103760,0,0.0033333333333333
37272657,0,0.0
886098742,0,0.0
238684497,0,0.0
1350314772,0,0.0033333333333333
590137960,0,0.0033333333333333
1103107494,0,0.0033333333333333
1293562953,0,0.0
23395427,0,0.0
1159902633,0,0.0
19357316,0,0.0266666666666666
824376547,1,0.9966666666666668
1304494633,1,1.0
111561555,0,0.0
705036987,1,1.0
833696264,1,1.0
35355014,1,1.0
833696262,0,0.0033333333333333
602629239,1,0.99
250479517,1,1.0
387272666,1,0.9966666666666668
319661647,0,0.0
906664057,0,0.0033333333333333
906664053,0,0.0
1232064746,0,0.0033333333333333
23250457,0,0.0066666666666666
1151170301,1,0.9933333333333332
1222229978,1,1.0
550879703,0,0.0
237326395,0,0.0166666666666666
9470937,0,0.0133333333333333
48787344,0,0.0066666666666666
27296235,0,0.0
440429800,0,0.0033333333333333
32981006,1,1.0
833696284,0,0.0
576434252,0,0.0
243481554,0,0.0
878640391,0,0.0033333333333333
1363426866,0,0.0
590139253,0,0.0033333333333333
243480708,0,0.0033333333333333
35153592,1,1.0
22730187,0,0.0
1411704626,0,0.0133333333333333
156275472,1,0.9966666666666668
158183241,0,0.0066666666666666
818420594,1,1.0
572446218,0,0.0
572446217,0,0.0
693435890,1,0.9966666666666668
788962248,0,0.0033333333333333
861217725,0,0.0133333333333333
237792075,1,1.0
23953301,0,0.0
23921387,1,1.0
1311361260,1,0.9966666666666668
1311361264,1,1.0
41311585,1,1.0
550825182,1,1.0
1279691997,1,1.0
1012826906,1,0.9966666666666668
810395948,0,0.0
1159902632,0,0.0
628747763,1,0.9833333333333332
261650132,1,1.0
846602464,0,0.0333333333333333
364210111,0,0.0066666666666666
898174878,0,0.0
554773590,1,1.0
834008909,0,0.0033333333333333
167711145,0,0.0
1254792387,1,0.9966666666666668
24042517,1,1.0
796501441,1,1.0
1105428480,1,1.0
706875992,1,1.0
35154646,1,0.9966666666666668
113358951,1,1.0
244104044,1,1.0
796374472,1,1.0
41311614,0,0.0033333333333333
237781193,1,0.9966666666666668
878893896,0,0.0
1291380717,1,0.9966666666666668
1291380719,0,0.0033333333333333
700608945,0,0.0033333333333333
1279691999,1,1.0
902678780,1,1.0
1279692000,1,0.9933333333333332
1258855551,0,0.0
555423861,0,0.0033333333333333
49478627,1,1.0
878645262,0,0.0
1187719847,0,0.0133333333333333
132890232,1,1.0
469290651,1,0.9933333333333332
554773592,0,0.0
927660205,0,0.0033333333333333
1137192255,1,1.0
827898135,0,0.0033333333333333
628747775,1,0.9966666666666668
32982124,1,1.0
910285620,1,0.9966666666666668
277022313,1,0.9933333333333332
306972026,1,1.0
23649518,1,1.0
1062958707,1,1.0
35354941,1,1.0
50981132,0,0.0
47070009,0,0.0066666666666666
592215819,1,0.99
238279010,1,1.0
13422432,0,0.0
553176205,1,0.99
244391198,1,0.99
1337340054,0,0.0
237324693,1,0.9966666666666668
132890231,1,1.0
1105428477,1,1.0
238684157,1,1.0
1083008449,1,0.9933333333333332
550597838,1,0.9966666666666668
834050739,1,1.0
407603108,0,0.0166666666666666
810389183,1,0.9966666666666668
27767999,0,0.0
49256391,1,1.0
573804535,1,1.0
677318407,0,0.0
53055500,1,0.9933333333333332
942087694,1,0.99
1101855401,1,1.0
35066854,0,0.0033333333333333
606905334,1,0.9966666666666668
23260719,1,0.9966666666666668
617961504,1,1.0
237174652,0,0.0
1074592968,1,1.0
803520067,0,0.0
313658630,1,1.0
803520066,0,0.0
35155263,0,0.0033333333333333
47893507,0,0.0
359588975,0,0.0066666666666666
132890230,0,0.0
1301791279,0,0.0
833696231,0,0.0
35802565,0,0.0066666666666666
112652263,0,0.0
38564574,0,0.0033333333333333
861217726,0,0.0
617961500,0,0.0
1111214233,0,0.0
46595557,0,0.0
770797788,1,1.0
24059828,0,0.0
878899897,0,0.0
796329124,0,0.0
902538055,0,0.01
554895407,1,1.0
1077705428,1,0.9866666666666668
1303179354,0,0.0066666666666666
40134836,0,0.0
1363968789,0,0.0166666666666666
878539177,0,0.0
555334686,0,0.0
1110145234,0,0.0033333333333333
243454714,0,0.0033333333333333
361113852,1,1.0
861217728,0,0.0
217825138,0,0.0
886975539,0,0.0
105682777,0,0.0
379241360,1,1.0
670938666,0,0.0
1061153051,0,0.0
1074393898,0,0.0033333333333333
1268130749,0,0.0
1075171963,1,0.9966666666666668
1411715793,0,0.0033333333333333
670821725,1,1.0
1266347065,1,0.9966666666666668
705717103,0,0.0
35801159,0,0.0033333333333333
878599145,0,0.0033333333333333
1077705429,0,0.0
28503626,1,0.9966666666666668
553256925,1,0.9966666666666668
224811961,1,0.99
670821726,0,0.0
608671232,0,0.0
35808496,1,0.9933333333333332
1109899681,0,0.0033333333333333
187486773,0,0.0
911407110,1,1.0
51319833,0,0.0
800704713,0,0.0
1172347979,1,1.0
833696334,0,0.0066666666666666
602603521,0,0.0066666666666666
833696249,1,1.0
1078309866,0,0.0
35676891,0,0.0
924606692,0,0.0
898000151,1,1.0
901945640,0,0.0
1104864393,1,0.9933333333333332
592125807,0,0.0033333333333333
577337474,0,0.0
655540521,1,0.99
27945991,0,0.0
701045912,0,0.0066666666666666
238184539,0,0.01
577337473,0,0.0
591998604,1,1.0
425991455,1,1.0
55350719,1,0.9933333333333332
78077621,1,1.0
160877872,0,0.0
878612119,0,0.0
178289030,1,1.0
254973994,0,0.0033333333333333
554773600,1,1.0
1189234638,0,0.0
35808526,0,0.0
827933580,0,0.0033333333333333
51319733,0,0.0
935396466,1,1.0
35354739,1,1.0
943145097,0,0.0033333333333333
92699387,0,0.0033333333333333
925207924,0,0.0
225380176,0,0.0
238183974,0,0.0
1097856620,0,0.0
810386189,0,0.0
130957054,0,0.0
23539457,0,0.0066666666666666
28185594,1,0.9966666666666668
1081071426,0,0.0
35542497,0,0.0
591998598,1,1.0
617961503,1,0.9833333333333332
23172516,1,0.9966666666666668
23090457,1,1.0
23250547,1,0.99
23371145,1,0.9966666666666668
548435318,0,0.0
35354836,1,1.0
24054044,1,1.0
107509678,0,0.0
319768661,1,1.0
878599144,0,0.0
935396459,1,0.9966666666666668
13348233,0,0.0033333333333333
560791209,1,1.0
41522702,0,0.0
50512719,0,0.0033333333333333
156572898,0,0.0
24158876,1,1.0
560791210,1,1.0
23090391,0,0.01
32983487,1,1.0
81606462,0,0.0133333333333333
238279012,0,0.0
589003394,0,0.0
49478626,0,0.0
1104547513,0,0.0066666666666666
1059060545,1,0.9833333333333332
553774719,1,1.0
41311649,1,1.0
24159040,0,0.0033333333333333
761776065,0,0.0
22729181,0,0.0
319768663,1,0.9966666666666668
772046514,0,0.0
1121146977,0,0.0033333333333333
898468996,0,0.0
550807147,0,0.0033333333333333
550807146,0,0.0
550808644,0,0.0
591932909,0,0.0066666666666666
24158914,1,1.0
794597818,1,0.9933333333333332
878640392,0,0.0
35806957,0,0.01
32486307,0,0.0
23090413,1,0.9966666666666668
91905502,0,0.0
753615434,1,1.0
24053781,0,0.0066666666666666
1076686990,0,0.01
886820025,0,0.0033333333333333
818420603,1,1.0
352789627,0,0.0
4940654,0,0.0066666666666666
238277343,0,0.0
894827417,0,0.0
395935824,0,0.0
237789659,1,1.0
1126626246,1,1.0
123992193,1,1.0
649013175,1,1.0
238278998,1,1.0
1109904573,0,0.0333333333333333
927440295,0,0.0
1020708528,1,1.0
1020708524,1,0.9866666666666668
591764208,1,1.0
878645264,0,0.0
237778215,1,1.0
28503635,1,1.0
35153483,0,0.0
250480480,0,0.0033333333333333
796374473,0,0.0
880677925,1,1.0
708553656,1,1.0
237781506,1,1.0
827933575,1,0.9933333333333332
1111214238,0,0.0033333333333333
1111214241,0,0.0033333333333333
558701045,0,0.0
237490780,1,1.0
816128383,1,1.0
945138511,0,0.0
617961499,0,0.0
27276016,0,0.0
945124153,0,0.01
28185588,1,1.0
19780736,0,0.0
134197441,0,0.0
1282130838,1,0.9933333333333332
886819919,0,0.0
23649484,0,0.03
1244573007,0,0.0033333333333333
425725338,0,0.0033333333333333
1106473406,1,0.93
589962628,1,1.0
237326751,0,0.0
54032381,0,0.0
40134522,1,0.9933333333333332
928840808,1,0.9966666666666668
28189273,1,1.0
225366292,0,0.0033333333333333
1327197424,0,0.0233333333333333
24053927,0,0.0
900721524,0,0.01
1083269780,0,0.0
245576945,0,0.0033333333333333
1327197415,0,0.0
33050716,1,0.9966666666666668
1363967763,0,0.0
263791089,0,0.0
33050507,0,0.0133333333333333
693434380,0,0.0033333333333333
1187719114,1,1.0
226831901,0,0.0
35091550,1,0.9933333333333332
232518617,0,0.0
700988186,0,0.0
35066701,0,0.0
55350578,0,0.0
224065176,0,0.0033333333333333
120408738,0,0.0033333333333333
1231335509,0,0.0
560343470,0,0.0
35155245,1,1.0
1162792100,0,0.0
741799325,0,0.0
573395503,1,0.9966666666666668
880736992,0,0.0033333333333333
698483391,1,1.0
1121170665,0,0.1933333333333333
187492411,0,0.0
1363968370,0,0.0
41314228,0,0.0066666666666666
568325059,0,0.0133333333333333
41314668,1,0.9966666666666668
1105428475,0,0.0
1062194517,1,1.0
359588962,1,1.0
901198551,1,1.0
29251443,1,0.9966666666666668
243454697,1,1.0
319768660,0,0.0
833696242,1,0.9966666666666668
810395951,1,0.9966666666666668
1111248771,1,0.9933333333333332
696300674,1,1.0
16852040,1,1.0
1074284096,0,0.0
833696196,0,0.0033333333333333
1104840798,0,0.0
1152294323,1,1.0
796736317,0,0.0
1257335584,1,1.0
889965892,1,0.9966666666666668
690630014,1,0.9833333333333332
410730708,1,1.0
924053179,0,0.0
47924326,0,0.0
1300873284,0,0.0
319661646,0,0.0
1097899792,1,1.0
407600827,0,0.0133333333333333
1311605823,1,0.9966666666666668
237785835,0,0.0
750626964,0,0.0
880736991,0,0.0033333333333333
46648154,1,0.9766666666666668
32980944,1,0.9933333333333332
1010825398,0,0.0
1382712287,0,0.0033333333333333
253741162,1,1.0
669017965,0,0.0033333333333333
1427406208,1,1.0
1061887997,0,0.0
41444822,1,0.9966666666666668
869038397,1,1.0
238278996,1,0.9966666666666668
40134227,1,0.9966666666666668
319666519,0,0.0033333333333333
359588981,0,0.0
894827415,0,0.0033333333333333
890748574,0,0.0
40134889,0,0.0
1121554802,1,1.0
171608983,0,0.0
268062113,0,0.0033333333333333
119560996,0,0.0066666666666666
1116189290,1,0.9966666666666668
268848396,0,0.0
1084087193,1,1.0
22742601,0,0.0033333333333333
237327064,0,0.0533333333333333
237333094,0,0.0033333333333333
40134499,0,0.0
547798624,0,0.0033333333333333
670821768,0,0.0
50981140,0,0.0
893611612,1,0.99
553033722,1,1.0
591998607,1,0.9966666666666668
698483394,1,1.0
578357888,1,1.0
878948810,0,0.0
578357900,1,1.0
578357899,1,1.0
1121970959,1,0.98
171617185,1,1.0
1121970963,1,0.9833333333333332
133340449,1,0.9933333333333332
628747765,0,0.0
5073950,1,1.0
6493226,1,1.0
303140687,0,0.0
34050424,0,0.0
886863543,0,0.0033333333333333
773768521,1,1.0
35807441,0,0.0
35799395,1,1.0
29084739,0,0.0
798253804,0,0.0
804061242,1,0.9966666666666668
35067400,0,0.0166666666666666
244435045,1,1.0
628747773,1,1.0
237782768,1,1.0
576793782,0,0.0
576434250,1,1.0
827898133,1,1.0
1212604676,1,0.9966666666666668
236809284,0,0.0033333333333333
1041319278,0,0.0033333333333333
577337477,1,1.0
1187716763,0,0.0
928840804,1,1.0
591633336,0,0.0033333333333333
23172309,1,0.9966666666666668
359588983,0,0.0
899181550,1,0.9966666666666668
556765861,0,0.0
56997348,0,0.0033333333333333
931670209,0,0.0
56997345,1,1.0
113371508,1,0.9966666666666668
1066604419,0,0.0
113583309,1,0.9966666666666668
134197439,0,0.0
902538054,0,0.0066666666666666
910371822,1,1.0
198764815,1,1.0
878502841,1,0.9966666666666668
118152567,0,0.0
1071147728,1,0.9933333333333332
237788134,0,0.0
693143113,1,0.9966666666666668
1073950065,1,1.0
1067311650,0,0.0066666666666666
555334678,1,0.9933333333333332
555334682,0,0.0
1074393897,0,0.0
120412086,0,0.0
5450361,1,0.9933333333333332
564723736,0,0.0
35808523,1,1.0
553908153,1,0.9933333333333332
243551273,1,0.9933333333333332
158183242,0,0.0066666666666666
423388259,0,0.0066666666666666
224042487,0,0.0
224042470,0,0.0033333333333333
798826219,0,0.0
317336211,1,1.0
23649519,1,0.9866666666666668
898468995,0,0.0066666666666666
1117735361,1,1.0
801510216,1,1.0
563799908,0,0.0
569679132,1,1.0
1084696923,1,1.0
602608382,1,0.9933333333333332
890748578,1,0.99
99722949,1,1.0
236684331,0,0.0
410730392,1,0.9966666666666668
1107007745,1,1.0
24158535,1,0.9933333333333332
102259887,1,1.0
1106961888,1,0.9533333333333334
878539176,0,0.01
678884785,1,0.9966666666666668
280175637,1,0.9966666666666668
596573980,1,0.9966666666666668
799751126,1,1.0
878650805,0,0.0
1203862280,1,0.9966666666666668
150158009,0,0.0
833696247,1,0.99
833696215,0,0.0
16855789,1,1.0
18338433,1,1.0
1301838530,1,0.9966666666666668
553055427,0,0.0033333333333333
23718180,1,1.0
238279013,1,1.0
268848394,1,1.0
914655374,0,0.0033333333333333
1057726157,1,0.9966666666666668
594784890,0,0.0
1121150758,1,1.0
675445990,0,0.0
236815962,1,1.0
573804534,0,0.0
35354853,0,0.02
1257335585,1,1.0
410730393,0,0.0
35066801,1,1.0
303140684,0,0.0
28503687,1,0.9833333333333332
225358496,0,0.0033333333333333
126180232,0,0.0
359588969,0,0.0
23371123,0,0.0033333333333333
225366288,1,1.0
1086608265,0,0.0
27323219,0,0.0
696329392,1,1.0
35354859,0,0.0
133342502,1,1.0
695798276,0,0.0
1075648718,1,0.9966666666666668
782657434,1,1.0
900661051,1,0.9966666666666668
670938665,1,0.9966666666666668
1254792389,0,0.0033333333333333
1311842211,1,1.0
590813745,1,1.0
551359257,0,0.0
1090665256,0,0.0
171764717,1,1.0
878645263,0,0.0
568325055,1,1.0
1105667432,1,1.0
1097046103,0,0.0066666666666666
1108453447,1,0.9766666666666668
810395947,0,0.0
889122992,0,0.0
675445988,1,1.0
1137192254,0,0.0
38570818,0,0.0
912368458,0,0.0033333333333333
22952856,0,0.0066666666666666
1101605277,0,0.0066666666666666
1086773287,1,1.0
592105505,1,0.9966666666666668
569694195,1,0.99
803093719,0,0.0033333333333333
56997349,0,0.0033333333333333
419819440,0,0.0033333333333333
112651128,1,1.0
237792550,0,0.0033333333333333
1073277206,0,0.01
38564663,1,0.99
38564667,0,0.0166666666666666
319661643,0,0.0
906692975,1,0.9966666666666668
1105396824,1,0.9966666666666668
1147534231,0,0.0
198764816,1,0.9933333333333332
1106961892,0,0.0
40062764,0,0.0
578357902,0,0.0033333333333333
1288238417,1,1.0
550807151,1,1.0
1073249839,1,0.9933333333333332
886975540,0,0.0
827898110,0,0.0
8104195,0,0.0
550808641,0,0.0033333333333333
927440294,1,0.9966666666666668
558728512,0,0.0
5450344,1,1.0
424905580,1,0.9966666666666668
558728450,0,0.0
898046648,0,0.0
1108911463,0,0.0
41311234,1,1.0
890748576,1,1.0
818420611,0,0.0
794897945,0,0.0
878893337,0,0.0
250480483,0,0.0
833696280,0,0.0
150153988,0,0.0
833696336,0,0.0033333333333333
1144276786,1,0.9966666666666668
1144271299,0,0.0
896578711,0,0.0
187486764,0,0.0
49257442,0,0.0
407600828,1,0.9833333333333332
1144266914,1,0.9966666666666668
237474032,0,0.0033333333333333
880523813,1,1.0
113358965,1,0.9933333333333332
41664868,0,0.0
1081071424,0,0.0
548435270,0,0.0
5452243,0,0.0033333333333333
674894840,0,0.0
1007066905,0,0.0
1311842223,1,0.9966666666666668
739486333,0,0.0033333333333333
886890868,0,0.0
1074709846,0,0.0
27130831,0,0.0
1119496413,0,0.0033333333333333
224814512,1,0.9966666666666668
881851975,1,0.9966666666666668
558930322,0,0.0
696329407,1,1.0
1116077393,0,0.0
878645265,1,1.0
229298529,0,0.0033333333333333
824376548,0,0.0
928840807,0,0.0066666666666666
1360928427,0,0.0033333333333333
556769357,0,0.0
1011051299,1,1.0
814067583,0,0.0033333333333333
591932908,0,0.0
628747777,1,0.9933333333333332
104081082,0,0.0
554773597,0,0.0066666666666666
555952400,0,0.0
253741164,0,0.0033333333333333
1350622467,1,0.9866666666666668
793697722,0,0.0
554806937,1,0.9966666666666668
554806933,1,1.0
459526854,1,1.0
23088403,1,1.0
554895410,0,0.0033333333333333
878907920,0,0.0
589047044,1,0.9966666666666668
1074561323,0,0.0
560083816,0,0.0
225366289,0,0.0033333333333333
1121150761,0,0.0033333333333333
450299184,0,0.0066666666666666
156572899,0,0.0
1100763932,0,0.0
286999896,0,0.0
1100763930,0,0.0
1237429139,1,1.0
1324242698,0,0.0
238270876,1,0.9933333333333332
690630015,1,0.9933333333333332
1324242715,0,0.0
900621378,0,0.0
558728446,0,0.0
1073277207,1,0.9966666666666668
900668552,1,1.0
899181552,0,0.0
1302289057,1,0.9933333333333332
225379833,1,0.9566666666666668
32527744,0,0.0
1324946263,0,0.0066666666666666
29256039,1,1.0
563172556,0,0.0066666666666666
1083268428,0,0.01
133340465,1,1.0
1312053525,0,0.0
1074569048,1,1.0
242295001,1,1.0
696277171,0,0.0
878942168,0,0.0
696543599,0,0.0
592430107,1,0.9966666666666668
1057726155,1,0.9866666666666668
628747769,0,0.0033333333333333
224042471,0,0.0
878640390,0,0.0033333333333333
424327056,1,1.0
81606472,1,1.0
160877867,0,0.0
17899170,0,0.0233333333333333
798826246,0,0.0033333333333333
1301404290,0,0.0033333333333333
1291380720,1,1.0
893278238,0,0.0033333333333333
834050740,0,0.0033333333333333
1334642669,0,0.0
28503680,0,0.0166666666666666
1300873283,1,1.0
1074709845,1,1.0
113583327,0,0.0
602986181,0,0.0066666666666666
943145098,0,0.0
1359259921,0,0.0
243481553,1,0.9933333333333332
564173774,1,0.9866666666666668
1363968793,1,0.9833333333333332
934310736,0,0.0
22716712,0,0.0033333333333333
910371824,0,0.0
23250455,0,0.0166666666666666
254974980,0,0.0
555014868,1,1.0
1061166470,1,0.9966666666666668
485258452,0,0.0
555014874,1,0.9966666666666668
910371820,1,0.9966666666666668
16855743,0,0.0
1073249840,0,0.01
1144276788,1,1.0
1083550474,1,1.0
576793781,0,0.0
1428226121,0,0.0033333333333333
56640508,1,0.9966666666666668
898434728,1,1.0
131974462,0,0.0033333333333333
1075626814,0,0.0
238277342,0,0.0
1079677288,1,1.0
910371821,0,0.0033333333333333
1080235731,1,1.0
1074429650,1,0.9966666666666668
1296699493,0,0.0033333333333333
934269325,0,0.0033333333333333
1065878744,1,1.0
35354656,1,0.9966666666666668
775180742,0,0.0033333333333333
934269324,0,0.0033333333333333
1075648715,0,0.0066666666666666
693434381,1,0.9966666666666668
1282533866,1,1.0
896470109,1,1.0
555334677,0,0.0
698483405,0,0.0033333333333333
1144266911,1,1.0
582562281,1,1.0
185937485,0,0.0
118152546,1,0.9966666666666668
782654722,1,1.0
560083815,0,0.0
27275946,0,0.0
1115146249,1,0.9966666666666668
1411704622,1,0.9966666666666668
1411351932,1,0.9833333333333332
225366291,0,0.0033333333333333
1138268459,0,0.0033333333333333
35091520,1,0.99
568429802,1,1.0
268529928,1,1.0
23271679,0,0.0066666666666666
24053431,0,0.0
23090390,0,0.0
1117735359,1,0.9966666666666668
705233289,1,0.9933333333333332
395927346,0,0.0
782656045,0,0.0033333333333333
773768522,1,1.0
35063760,0,0.0
310489884,0,0.0
22742599,1,0.98
554268011,0,0.0
35799488,1,0.9933333333333332
243485836,0,0.0
34056257,0,0.0
554806935,0,0.0
99722946,1,1.0
4929156,0,0.0033333333333333
706420616,0,0.0033333333333333
35354959,1,0.99
35354856,1,1.0
774961196,0,0.0033333333333333
801449567,0,0.0
225358500,1,1.0
236684330,0,0.0
1396129312,1,0.9933333333333332
1119778538,1,1.0
27130796,0,0.0033333333333333
926685328,0,0.0
801449570,0,0.0
947629867,1,1.0
23090472,1,0.9966666666666668
107509677,0,0.0066666666666666
628567745,0,0.0
425991456,0,0.0033333333333333
693141376,0,0.0
555334681,0,0.0033333333333333
40134005,1,0.9966666666666668
693435891,1,0.9933333333333332
1012826907,0,0.0
238279011,1,1.0
1098170937,1,0.9966666666666668
576129426,1,0.9966666666666668
37239624,0,0.0
889561661,0,0.0
382745771,1,0.9966666666666668
696329386,1,1.0
948014481,1,0.9966666666666668
899755774,0,0.0166666666666666
898434725,0,0.0066666666666666
1070763090,1,0.9933333333333332
813787819,0,0.0066666666666666
36074861,1,1.0
696300679,0,0.0033333333333333
696278196,1,0.9933333333333332
1258517844,0,0.0
696543598,0,0.0
150867907,1,1.0
375327458,1,0.9966666666666668
113583283,1,0.9933333333333332
1258855552,0,0.0
898046651,0,0.0066666666666666
28595266,1,1.0
705362943,0,0.0
1411704624,0,0.0
165699898,1,1.0
752882821,0,0.0
243485838,1,0.9966666666666668
564173773,1,0.9866666666666668
1074899101,1,0.99
180221434,0,0.0
775180743,1,1.0
35154659,1,1.0
187486765,1,0.9966666666666668
266867602,1,0.9966666666666668
706876009,0,0.0033333333333333
1426821307,0,0.0233333333333333
918587231,1,1.0
763261183,0,0.0133333333333333
782657435,1,0.9966666666666668
1282757675,1,0.9933333333333332
898046646,1,1.0
886170678,1,0.9933333333333332
891849802,1,0.9966666666666668
35809497,1,1.0
782654730,1,0.9966666666666668
1411351938,0,0.0166666666666666
226831903,1,1.0
555014863,1,0.9866666666666668
224814511,0,0.0
570505660,0,0.0033333333333333
237789235,1,1.0
796374471,0,0.0
558161765,1,0.9766666666666668
112652256,0,0.0
107845424,0,0.0
306972033,1,0.9966666666666668
771777809,1,1.0
782651770,1,1.0
898434727,1,0.9933333333333332
425200876,0,0.0
1108833987,1,0.9933333333333332
924648225,1,0.9966666666666668
797109990,1,1.0
1101393545,0,0.0
47070003,0,0.0
558930325,0,0.0
1280105505,0,0.0
1293562955,0,0.0
16856203,0,0.0
28259508,0,0.0
1063013277,1,0.9866666666666668
1101605276,1,0.99
303451816,0,0.0033333333333333
1359259922,0,0.0
558833600,1,0.99
558728452,0,0.0
1064477673,1,1.0
587252269,1,0.9933333333333332
1119778537,1,0.9966666666666668
1078236526,0,0.0033333333333333
705036988,0,0.0
551359262,0,0.0
35066846,0,0.01
1137960459,0,0.0066666666666666
752882822,0,0.0
794597819,0,0.0033333333333333
1232604891,0,0.0066666666666666
1111918347,1,1.0
5451044,0,0.0066666666666666
800561242,0,0.0
910285624,0,0.0
244428674,1,0.9966666666666668
23090449,0,0.0066666666666666
547598997,0,0.0033333333333333
800561243,0,0.0
35352473,0,0.0
27440809,0,0.0
558035349,0,0.0
878906693,0,0.0
1088359352,0,0.0
41301918,0,0.0
771777819,1,0.9966666666666668
106488751,0,0.0033333333333333
907237184,1,1.0
1231335508,0,0.0
560343467,0,0.0
690630016,1,0.9966666666666668
5055435,0,0.0066666666666666
382745770,0,0.0
707113092,0,0.0033333333333333
293945370,1,1.0
896470110,1,1.0
225595155,0,0.0066666666666666
1065878743,0,0.0
705362944,1,0.9866666666666668
1337340036,0,0.0033333333333333
740053427,0,0.0
678968136,0,0.0
225358495,1,1.0
861217727,0,0.0
53056351,0,0.0
27906798,0,0.0033333333333333
556769356,0,0.0
1109904574,0,0.0
4304724,0,0.0
1109899677,1,1.0
117315403,0,0.0
570870646,0,0.0033333333333333
1296555547,0,0.01
1296549243,0,0.0
676094225,1,1.0
704341110,1,0.9966666666666668
237779230,1,1.0
252717858,0,0.0
1372470486,0,0.0066666666666666
568325053,0,0.0
49478689,0,0.01
810389182,0,0.0066666666666666
696602835,1,1.0
1144276785,1,0.98
28044777,0,0.0
738689724,0,0.0
1286710621,0,0.0033333333333333
693438091,0,0.0066666666666666
1218109347,1,1.0
237324547,1,1.0
827898092,1,1.0
793504193,1,1.0
28723077,0,0.0
1144266913,1,1.0
587721249,1,1.0
771327589,1,1.0
35067461,0,0.0
558930318,0,0.0066666666666666
943145095,0,0.0033333333333333
1098482602,0,0.0066666666666666
401558120,1,1.0
244428672,1,1.0
28722885,0,0.0
35354976,1,1.0
551359259,0,0.0
1098468732,0,0.0
906664056,0,0.0
1279572625,1,0.9966666666666668
1279692007,0,0.0
237781192,1,1.0
886878306,0,0.0
696278197,1,1.0
1286710622,0,0.0
1279692009,0,0.0
1279692008,1,0.9933333333333332
1108430245,1,1.0
1311361262,0,0.0133333333333333
558728430,0,0.0033333333333333
1324242712,0,0.0066666666666666
558754725,0,0.0
558728448,0,0.0
1247066062,1,0.9766666666666668
1311605831,1,1.0
693657077,0,0.0033333333333333
225366293,0,0.0
563744028,0,0.0
28185942,1,1.0
796329125,0,0.0033333333333333
1337340060,0,0.0
905266512,0,0.0
1225239271,0,0.0
827898090,0,0.0033333333333333
1012826908,1,0.9933333333333332
1066604418,0,0.0033333333333333
602603522,0,0.0066666666666666
560869914,0,0.0
1098482604,0,0.0
226829296,0,0.0
1066316412,0,0.0
250168538,0,0.0033333333333333
46647930,0,0.0
250168539,0,0.0
628747766,0,0.0
602608383,1,0.9933333333333332
272982273,0,0.0
600349602,1,1.0
276458144,0,0.0
580670768,1,0.9933333333333332
24059822,1,1.0
35801324,0,0.0033333333333333
771777812,1,1.0
1098170936,0,0.0
1108407612,0,0.0
369125567,0,0.0
693440630,1,1.0
693143112,0,0.0
628567744,0,0.0
1138269594,0,0.0033333333333333
628747761,0,0.01
553908166,0,0.0
224814503,0,0.0
188063996,0,0.0
900554922,1,0.9966666666666668
12805235,0,0.0
883636463,1,1.0
35154328,0,0.0133333333333333
197748474,1,1.0
1074882017,1,0.9333333333333332
35354961,1,0.9966666666666668
710574334,0,0.0
548435275,0,0.0
1107007744,0,0.0
257870749,1,1.0
313657351,1,1.0
706875996,0,0.0066666666666666
293944926,1,0.9966666666666668
254974982,1,0.9766666666666668
35068269,0,0.0033333333333333
53082326,0,0.0033333333333333
591633338,0,0.0
171764720,0,0.0033333333333333
1157111547,0,0.0033333333333333
1337340050,0,0.0033333333333333
132598093,0,0.0133333333333333
935396464,0,0.0
1247066065,1,0.98
672849904,0,0.0
878648583,0,0.0033333333333333
359588979,0,0.0
1084087192,0,0.0
878645266,0,0.0033333333333333
171764718,1,1.0
591998615,1,0.9933333333333332
1369793716,1,0.9933333333333332
1279692018,1,1.0
1074709853,1,0.9933333333333332
1222454944,1,0.9933333333333332
591962056,0,0.0033333333333333
578357889,1,0.9933333333333332
1144260069,1,0.9966666666666668
558930321,0,0.0
592215820,0,0.0033333333333333
459947541,0,0.0066666666666666
1255163340,1,1.0
35354746,0,0.0033333333333333
1092242409,0,0.0
878637259,0,0.0
1430784998,0,0.0033333333333333
693351880,0,0.0033333333333333
250174798,0,0.0
930251926,1,1.0
1410558675,0,0.01
450299185,0,0.0
236815742,0,0.0033333333333333
604836425,1,1.0
553046170,0,0.0
187415171,1,1.0
553046171,0,0.0033333333333333
252893763,0,0.0
353812603,1,0.9966666666666668
1311605825,0,0.0133333333333333
1072404381,1,0.97
1090566706,1,0.9966666666666668
1090665254,1,0.9966666666666668
878652404,0,0.0033333333333333
1431407230,0,0.01
407603109,0,0.0
798826225,0,0.0
82869507,0,0.01
306972023,0,0.0
51321926,0,0.0
35355146,0,0.0
759404389,1,0.9866666666666668
171620866,1,0.9866666666666668
1104840794,1,1.0
693657074,1,0.9966666666666668
696300680,0,0.0066666666666666
924704219,0,0.01
311066059,1,0.9966666666666668
1119778536,1,1.0
1105396821,0,0.0066666666666666
592430109,1,1.0
117059174,1,1.0
568325056,0,0.0
906707759,0,0.0033333333333333
217824287,0,0.0
26036940,1,1.0
592430106,1,1.0
564173769,1,0.9966666666666668
1410558676,0,0.0
920586064,1,0.9966666666666668
591998614,0,0.0033333333333333
900621376,0,0.0
1144271296,0,0.0133333333333333
1075211778,1,0.9966666666666668
1070763089,1,0.93
310464574,0,0.0
771327587,1,1.0
449476304,0,0.0
1189234634,0,0.0033333333333333
23090421,0,0.0
107509675,1,1.0
310464577,0,0.0
469283269,1,0.9966666666666668
577337476,0,0.0
1105114898,0,0.0
1254784557,0,0.0
306972042,1,0.97
306241568,0,0.0133333333333333
318678184,1,0.9833333333333332
75394186,0,0.0033333333333333
268529927,1,1.0
555014869,1,0.9966666666666668
200396365,0,0.0
927660208,0,0.0033333333333333
589047043,0,0.0033333333333333
224814514,0,0.0
887751279,0,0.0
558728447,0,0.0
800704715,0,0.0033333333333333
1108430246,0,0.0
901198549,0,0.0
1121150763,1,0.9933333333333332
1126628901,1,0.9933333333333332
576434256,0,0.0033333333333333
576434253,0,0.0
1266672548,0,0.0
591962062,0,0.01
878645848,0,0.0
224041473,0,0.0
794897946,0,0.0
564723740,0,0.0133333333333333
513047028,1,0.99
422621100,1,0.9966666666666668
564173772,1,0.99
555338694,1,0.9866666666666668
361730126,1,0.99
693440628,0,0.0
547798607,0,0.0
254973993,1,0.9866666666666668
703380835,1,0.9966666666666668
906664055,1,0.99
706876001,1,1.0
224814504,1,1.0
894195587,0,0.0033333333333333
1144276782,0,0.0233333333333333
1311605827,1,0.99
254977974,1,1.0
1072404379,0,0.0
1254768039,0,0.01
1084696924,0,0.01
905266501,0,0.0033333333333333
1061166469,1,1.0
236684332,1,0.9933333333333332
1286187763,0,0.0033333333333333
582562279,0,0.0
555577602,1,0.9933333333333332
124177298,0,0.0
117315407,1,1.0
317336210,1,1.0
268529926,1,1.0
1057726159,1,1.0
1108833986,0,0.0033333333333333
561484130,1,1.0
827898121,0,0.0
556769358,0,0.0033333333333333
698943024,0,0.0066666666666666
1117735363,0,0.0033333333333333
1222229975,1,0.9633333333333334
1111248769,1,0.9933333333333332
1285030762,0,0.0133333333333333
558833601,0,0.0033333333333333
555952409,1,0.9933333333333332
555952402,1,0.9966666666666668
1106497266,0,0.0033333333333333
880523819,1,0.9966666666666668
793697721,0,0.0033333333333333
35129978,0,0.0133333333333333
226831897,1,0.9866666666666668
600349604,0,0.0
35129631,0,0.0066666666666666
225595191,1,0.9966666666666668
577355449,0,0.0033333333333333
891849801,1,0.98
927396221,1,0.9933333333333332
303451815,1,1.0
132890233,0,0.0066666666666666
132890228,0,0.0
379241359,0,0.0033333333333333
850840078,1,1.0
801449568,0,0.0
236665224,1,0.9966666666666668
813515739,0,0.0
700616166,0,0.0066666666666666
560791206,1,1.0
700306141,1,0.9966666666666668
1411351937,0,0.0033333333333333
930251927,0,0.0
910371825,0,0.01
1081071425,0,0.0066666666666666
1291380714,1,0.9733333333333334
576434228,0,0.0
898468997,0,0.0
450299183,1,0.99
119560998,0,0.0033333333333333
584904948,0,0.0066666666666666
1057740042,1,0.99
924704220,0,0.0
935396462,0,0.01
1411213517,1,0.9933333333333332
782654723,1,0.97
1244831063,1,0.9933333333333332
1104840793,1,1.0
179240579,0,0.0
900545215,1,1.0
591361799,1,0.9533333333333334
810395949,1,1.0
1098709597,1,1.0
1075626818,0,0.0
596091522,1,1.0
102925201,0,0.0
596525175,1,1.0
23250558,1,1.0
1077756281,0,0.0033333333333333
878893338,0,0.0
1086608262,0,0.01
901183134,0,0.01
569694196,0,0.0
706875988,0,0.0
28993822,0,0.0
696329391,1,1.0
1160147204,0,0.0066666666666666
918520216,0,0.0033333333333333
71487537,1,1.0
387272667,1,0.9933333333333332
547798608,0,0.0
554268012,0,0.0
49251142,0,0.0
237781194,1,1.0
262494962,0,0.0
771327588,0,0.0133333333333333
878640394,0,0.0
243479630,1,0.9866666666666668
771333124,1,1.0
1312226628,0,0.0
1301886392,1,0.99
591764203,1,1.0
705036983,1,0.99
1074569050,0,0.0733333333333333
696300672,1,0.9966666666666668
696329389,1,0.9966666666666668
1177416068,1,0.9933333333333332
772074359,0,0.0
568914897,1,0.99
798270647,0,0.0
935396465,1,0.9966666666666668
1279692020,1,0.9966666666666668
1160147202,0,0.0033333333333333
268532210,0,0.0
591361807,0,0.01
628747779,1,1.0
225379832,1,1.0
237764262,1,0.9866666666666668
1098512504,0,0.0
1243983984,0,0.0
23395486,0,0.0066666666666666
1430462376,1,0.9933333333333332
590139252,0,0.0033333333333333
1104864385,0,0.0033333333333333
558701044,0,0.0033333333333333
678968546,0,0.0
935396461,1,0.9966666666666668
801510215,1,0.9933333333333332
238278997,1,1.0
928840806,0,0.0133333333333333
1117735360,0,0.0
1212604683,0,0.0
698943025,0,0.0
1138268458,0,0.0
576434255,0,0.0066666666666666
586348019,0,0.0333333333333333
927660204,0,0.0
900545216,1,0.9933333333333332
693438402,0,0.0033333333333333
696329387,1,0.9966666666666668
1291380715,1,0.9933333333333332
1058631569,0,0.0066666666666666
926669043,1,1.0
942087693,1,0.99
576434258,0,0.0033333333333333
35155247,1,0.9966666666666668
634092851,0,0.0
1311842218,1,0.9933333333333332
912358878,1,0.9933333333333332
1172347980,1,1.0
425725339,0,0.02
28211385,0,0.0066666666666666
590816483,0,0.0133333333333333
1302638409,0,0.01
225366290,0,0.0033333333333333
224814513,0,0.0033333333333333
1065029406,0,0.0033333333333333
1285091823,0,0.0
558728455,0,0.0
424898194,0,0.0066666666666666
1101855400,0,0.0033333333333333
237785833,0,0.0066666666666666
560791208,0,0.0
707121975,1,0.9966666666666668
695798275,0,0.0
696269998,0,0.0
1104864386,0,0.0066666666666666
1279692014,0,0.0033333333333333
1279692027,0,0.0
703019233,0,0.0133333333333333
816128382,0,0.0
431495773,1,0.9933333333333332
431495772,1,0.9933333333333332
587721248,1,0.9933333333333332
71487539,1,0.9966666666666668
134097282,1,1.0
1189234636,0,0.0
1189234635,0,0.0
1111214240,0,0.0
678968220,0,0.0
558930323,0,0.0033333333333333
1147534228,0,0.0033333333333333
1086608264,0,0.0
927660206,0,0.0066666666666666
1296699494,0,0.0
76170921,0,0.04
1061861286,0,0.0033333333333333
1312053523,0,0.0066666666666666
23172463,0,0.0
810386190,0,0.0
696278198,1,1.0
590137959,0,0.0066666666666666
1279692004,1,0.9966666666666668
1012829218,0,0.0
1063013278,1,0.9966666666666668
791013577,0,0.0
710623647,0,0.0
1066316413,0,0.0
686508153,0,0.01
1090665255,0,0.0
1286187764,0,0.0
696270000,0,0.0
696269999,0,0.0
38570825,0,0.0
693657073,0,0.0
554045838,0,0.0033333333333333
1257335582,1,0.9966666666666668
893278237,0,0.0
801449571,1,0.98
894121140,0,0.0
878907918,0,0.0
759404388,0,0.0033333333333333
693440629,0,0.0033333333333333
82699578,0,0.0
696329410,0,0.0
1100763929,0,0.0066666666666666
1312226625,0,0.0166666666666666
696278193,1,1.0
696278195,0,0.0
569682274,0,0.0
1247066063,0,0.0233333333333333
586348018,1,0.99
586348017,1,0.9933333333333332
813765460,0,0.0033333333333333
813765459,0,0.0033333333333333
54034122,0,0.0033333333333333
914655373,0,0.0066666666666666
102259871,0,0.0
244391196,0,0.0033333333333333
1311605829,0,0.0066666666666666
237786749,0,0.0033333333333333
1301853017,0,0.0033333333333333
576129427,0,0.0066666666666666
576434254,0,0.0
1116189288,0,0.0
237785834,0,0.0
894827416,0,0.0
896470108,0,0.03
422118637,1,0.9833333333333332
1296599252,1,0.99
1295585284,1,0.9866666666666668
703019232,0,0.0
577597216,0,0.0033333333333333
705036984,1,1.0
49478628,0,0.0
1362436408,0,0.0
878776439,0,0.0
1203862275,1,0.9866666666666668
696277170,0,0.0
1094262300,1,0.9966666666666668
568325039,0,0.0
591764202,0,0.0
945124152,1,1.0
798826247,0,0.0
924053180,0,0.0
856820276,0,0.0
1279692017,1,0.9966666666666668
1279692012,0,0.0066666666666666
1279692010,0,0.0
1279692006,1,1.0
1363972484,1,0.9933333333333332
907237185,1,0.9833333333333332
102259858,1,1.0
1057726158,0,0.0033333333333333
572136881,0,0.0
553075769,0,0.01
895227964,0,0.0
1312053526,0,0.0
1169250018,1,1.0
898343229,0,0.0033333333333333
1108430243,0,0.0
1093698860,1,0.9933333333333332
